-- phpMyAdmin SQL Dump
-- version 3.4.10.1deb1
-- http://www.phpmyadmin.net
--
-- Host: localhost
-- Generation Time: Sep 15, 2017 at 04:50 PM
-- Server version: 5.5.54
-- PHP Version: 5.3.10-1ubuntu3.26

SET SQL_MODE="NO_AUTO_VALUE_ON_ZERO";
SET time_zone = "+00:00";


/*!40101 SET @OLD_CHARACTER_SET_CLIENT=@@CHARACTER_SET_CLIENT */;
/*!40101 SET @OLD_CHARACTER_SET_RESULTS=@@CHARACTER_SET_RESULTS */;
/*!40101 SET @OLD_COLLATION_CONNECTION=@@COLLATION_CONNECTION */;
/*!40101 SET NAMES utf8 */;

--
-- Database: `stock`
--

-- --------------------------------------------------------

--
-- Table structure for table `brands`
--

CREATE TABLE IF NOT EXISTS `brands` (
  `brand_id` int(11) NOT NULL AUTO_INCREMENT,
  `brand_name` varchar(255) NOT NULL,
  `brand_active` int(11) NOT NULL DEFAULT '0',
  `brand_status` int(11) NOT NULL DEFAULT '0',
  PRIMARY KEY (`brand_id`)
) ENGINE=InnoDB  DEFAULT CHARSET=latin1 AUTO_INCREMENT=18 ;

--
-- Dumping data for table `brands`
--

INSERT INTO `brands` (`brand_id`, `brand_name`, `brand_active`, `brand_status`) VALUES
(1, 'Gap', 1, 2),
(2, 'Forever 21', 1, 2),
(3, 'Gap', 1, 2),
(4, 'Forever 21', 1, 2),
(5, 'Adidas', 1, 2),
(6, 'Gap', 1, 2),
(7, 'Forever 21', 1, 2),
(8, 'Adidas', 1, 2),
(9, 'Gap', 1, 2),
(10, 'Forever 21', 1, 2),
(11, 'Adidas1', 1, 1),
(12, 'Gap', 1, 1),
(13, 'Forever 21', 1, 1),
(14, 'Castrol', 1, 1),
(15, 'ASK', 1, 1),
(16, 'MICO', 1, 1),
(17, 'NYK', 2, 1);

-- --------------------------------------------------------

--
-- Table structure for table `categories`
--

CREATE TABLE IF NOT EXISTS `categories` (
  `categories_id` int(11) NOT NULL AUTO_INCREMENT,
  `categories_name` varchar(255) NOT NULL,
  `categories_active` int(11) NOT NULL DEFAULT '0',
  `categories_status` int(11) NOT NULL DEFAULT '0',
  PRIMARY KEY (`categories_id`)
) ENGINE=InnoDB  DEFAULT CHARSET=latin1 AUTO_INCREMENT=12 ;

--
-- Dumping data for table `categories`
--

INSERT INTO `categories` (`categories_id`, `categories_name`, `categories_active`, `categories_status`) VALUES
(1, 'Sports ', 1, 2),
(2, 'Casual', 1, 2),
(3, 'Casual', 1, 2),
(4, 'Sport', 1, 2),
(5, 'Casual', 1, 2),
(6, 'Sport wear', 1, 2),
(7, 'Casual wear', 1, 1),
(8, 'Sports ', 1, 1),
(9, 'Mobile', 1, 1),
(10, 'PLUG', 1, 1),
(11, 'BRAKESHOE', 2, 1);

-- --------------------------------------------------------

--
-- Table structure for table `orders`
--

CREATE TABLE IF NOT EXISTS `orders` (
  `order_id` int(11) NOT NULL AUTO_INCREMENT,
  `order_date` date NOT NULL,
  `client_name` varchar(255) NOT NULL,
  `client_contact` varchar(255) NOT NULL,
  `sub_total` varchar(255) NOT NULL,
  `vat` varchar(255) NOT NULL,
  `total_amount` varchar(255) NOT NULL,
  `discount` varchar(255) NOT NULL,
  `grand_total` varchar(255) NOT NULL,
  `paid` varchar(255) NOT NULL,
  `due` varchar(255) NOT NULL,
  `payment_type` int(11) NOT NULL,
  `payment_status` int(11) NOT NULL,
  `order_status` int(11) NOT NULL DEFAULT '0',
  PRIMARY KEY (`order_id`)
) ENGINE=InnoDB  DEFAULT CHARSET=latin1 AUTO_INCREMENT=10 ;

--
-- Dumping data for table `orders`
--

INSERT INTO `orders` (`order_id`, `order_date`, `client_name`, `client_contact`, `sub_total`, `vat`, `total_amount`, `discount`, `grand_total`, `paid`, `due`, `payment_type`, `payment_status`, `order_status`) VALUES
(1, '2016-07-15', 'John Doe', '9807867564', '2700.00', '351.00', '3051.00', '1000.00', '2051.00', '1000.00', '1051.00', 2, 2, 2),
(2, '2016-07-15', 'John Doe', '9808746573', '3400.00', '442.00', '3842.00', '500.00', '3342.00', '3342', '0', 2, 1, 2),
(3, '2016-07-16', 'John Doe', '9809876758', '3600.00', '468.00', '4068.00', '568.00', '3500.00', '3500', '0', 2, 1, 2),
(4, '2016-08-01', 'Indra', '19208130', '1200.00', '156.00', '1356.00', '1000.00', '356.00', '356', '0.00', 2, 1, 2),
(5, '2016-07-16', 'John Doe', '9808767689', '3600.00', '468.00', '4068.00', '500.00', '3568.00', '3568', '0', 3, 1, 1),
(6, '2017-09-09', 'Rakesh test', '8961089610', '13550.00', '1761.50', '15311.50', '311.50', '15000.00', '10000', '5000', 2, 2, 1),
(7, '2017-09-12', 'RamNath', '7003700345', '14750.00', '1917.50', '16667.50', '667.50', '16000.00', '10000', '6000.00', 3, 2, 1),
(8, '2017-09-01', 'gh', '8961089610', '3150.00', '409.50', '3559.50', '344.80', '3214.70', '1000', '2214.70', 2, 2, 1),
(9, '2017-09-15', 'RakeshNew', '8961089610', '2240.00', '0', '2240.00', '240', '2000.00', '500', '1500.00', 2, 2, 1);

-- --------------------------------------------------------

--
-- Table structure for table `order_item`
--

CREATE TABLE IF NOT EXISTS `order_item` (
  `order_item_id` int(11) NOT NULL AUTO_INCREMENT,
  `order_id` int(11) NOT NULL DEFAULT '0',
  `product_id` int(11) NOT NULL DEFAULT '0',
  `quantity` varchar(255) NOT NULL,
  `rate` varchar(255) NOT NULL,
  `total` varchar(255) NOT NULL,
  `order_item_status` int(11) NOT NULL DEFAULT '0',
  PRIMARY KEY (`order_item_id`)
) ENGINE=InnoDB  DEFAULT CHARSET=latin1 AUTO_INCREMENT=24 ;

--
-- Dumping data for table `order_item`
--

INSERT INTO `order_item` (`order_item_id`, `order_id`, `product_id`, `quantity`, `rate`, `total`, `order_item_status`) VALUES
(1, 1, 1, '1', '1500', '1500.00', 2),
(2, 1, 2, '1', '1200', '1200.00', 2),
(3, 2, 3, '2', '1200', '2400.00', 2),
(4, 2, 4, '1', '1000', '1000.00', 2),
(5, 3, 5, '2', '1200', '2400.00', 2),
(6, 3, 6, '1', '1200', '1200.00', 2),
(7, 4, 5, '1', '1200', '1200.00', 2),
(10, 6, 9, '1', '350', '350.00', 1),
(11, 6, 7, '1', '12000', '12000.00', 1),
(12, 6, 8, '1', '1200', '1200.00', 1),
(13, 7, 8, '2', '1200', '2400.00', 1),
(14, 7, 9, '1', '350', '350.00', 1),
(15, 7, 7, '1', '12000', '12000.00', 1),
(16, 5, 7, '2', '1200', '2400.00', 1),
(17, 5, 8, '1', '1200', '1200.00', 1),
(18, 8, 9, '5', '350', '1750.00', 1),
(19, 8, 10, '5', '190', '950.00', 1),
(20, 8, 11, '3', '90', '450.00', 1),
(21, 9, 10, '3', '190', '570.00', 1),
(22, 9, 9, '4', '350', '1400.00', 1),
(23, 9, 11, '3', '90', '270.00', 1);

-- --------------------------------------------------------

--
-- Table structure for table `product`
--

CREATE TABLE IF NOT EXISTS `product` (
  `product_id` int(11) NOT NULL AUTO_INCREMENT,
  `product_name` varchar(255) NOT NULL,
  `product_image` text NOT NULL,
  `brand_id` int(11) NOT NULL,
  `categories_id` int(11) NOT NULL,
  `quantity` varchar(255) NOT NULL,
  `rate` varchar(255) NOT NULL,
  `active` int(11) NOT NULL DEFAULT '0',
  `status` int(11) NOT NULL DEFAULT '0',
  PRIMARY KEY (`product_id`)
) ENGINE=InnoDB  DEFAULT CHARSET=latin1 AUTO_INCREMENT=12 ;

--
-- Dumping data for table `product`
--

INSERT INTO `product` (`product_id`, `product_name`, `product_image`, `brand_id`, `categories_id`, `quantity`, `rate`, `active`, `status`) VALUES
(1, 'Half pant', '../assests/images/stock/2847957892502c7200.jpg', 1, 2, '19', '1500', 2, 2),
(2, 'T-Shirt', '../assests/images/stock/163965789252551575.jpg', 2, 2, '9', '1200', 2, 2),
(3, 'Half Pant', '../assests/images/stock/13274578927924974b.jpg', 5, 3, '18', '1200', 2, 2),
(4, 'T-Shirt', '../assests/images/stock/12299578927ace94c5.jpg', 6, 3, '29', '1000', 2, 2),
(5, 'Half Pant', '../assests/images/stock/24937578929c13532e.jpg', 8, 5, '17', '1200', 2, 2),
(6, 'Polo T-Shirt', '../assests/images/stock/10222578929f733dbf.jpg', 9, 5, '29', '1200', 2, 2),
(7, 'Half Pant', '../assests/images/stock/1770257893463579bf.jpg', 11, 7, '287', '12000', 1, 1),
(8, 'Polo T-shirt', '../assests/images/stock/136715789347d1aea6.jpg', 12, 7, '7', '1200', 1, 1),
(9, 'Castrol Activa (1 litre)', '../assests/images/stock/98457044159b7b628306d2.jpg', 14, 9, '-9', '350', 1, 1),
(10, 'BRAKE SHOE (125 DTS)', '../assests/images/stock/213041140159ba19b2a9fb6.jpg', 15, 11, '-7', '190', 1, 1),
(11, 'PLUG (HH 100)', '../assests/images/stock/159869522159ba19fc17ac9.jpg', 16, 10, '4', '90', 1, 1);

-- --------------------------------------------------------

--
-- Table structure for table `users`
--

CREATE TABLE IF NOT EXISTS `users` (
  `user_id` int(11) NOT NULL AUTO_INCREMENT,
  `username` varchar(255) NOT NULL,
  `password` varchar(255) NOT NULL,
  `email` varchar(255) NOT NULL,
  PRIMARY KEY (`user_id`)
) ENGINE=InnoDB  DEFAULT CHARSET=latin1 AUTO_INCREMENT=2 ;

--
-- Dumping data for table `users`
--

INSERT INTO `users` (`user_id`, `username`, `password`, `email`) VALUES
(1, 'admin', '5f4dcc3b5aa765d61d8327deb882cf99', '');

/*!40101 SET CHARACTER_SET_CLIENT=@OLD_CHARACTER_SET_CLIENT */;
/*!40101 SET CHARACTER_SET_RESULTS=@OLD_CHARACTER_SET_RESULTS */;
/*!40101 SET COLLATION_CONNECTION=@OLD_COLLATION_CONNECTION */;
